date,close_10_sma,close_10_ema,kdjk_10,kdjd_10,macd,rsi_10,wr_10,cci_10,Momentum,ADOsc,New_Feature,OpenPrice,UpDown
13-Jan-2012,723.1999999999999,727.7100029598151,72.18582528619702,70.8589733432905,2.7103203468336687,58.51741841132977,35.99320882852301,78.56852615080908,7.149999999999977,397837.3271399792,0.06685904454490293,742.0,0.0
16-Jan-2012,722.03,724.7609813822473,58.791682052710875,66.83654291309729,1.6177516195673434,46.65408328206545,67.99660441426141,-29.53021409167735,-3.199999999999932,-59130.49479351938,0.07959113587603392,729.95,0.0
17-Jan-2012,724.62,728.1542841172748,66.33084406230523,66.66797662949993,2.4298186628615213,60.41838716430793,18.590831918506026,51.21571765124199,42.549999999999955,-1069952.7724022225,0.08501968046248569,716.0,0.0
18-Jan-2012,732.645,738.1366803310538,74.57672709176514,69.30422678358833,5.191051038425485,71.13811237476996,8.931506849315044,196.85251798561106,62.200000000000045,-733816.086516228,0.08268991085366759,762.0,1.0
19-Jan-2012,739.4549999999999,747.2233351282468,79.3791371342605,72.66253023381239,7.557317726653878,72.4361811562687,11.016042780748736,176.66811091854402,70.89999999999998,-583098.1034163774,0.09637810851960642,789.0,1.0
20-Jan-2012,747.2449999999999,755.829802779822,83.7412255420954,76.35542866990673,9.682386706538637,73.978951510138,7.534597642234778,124.25860462364469,86.39999999999998,-868648.5975096246,0.12218603229197371,790.0,1.0
23-Jan-2012,753.7749999999999,758.7855449165311,78.5053863164531,77.07208121875551,9.87712637087941,62.300271866514244,31.966292134831516,49.60102650467179,35.34999999999991,88971.55207798723,0.1429410120212467,755.3,0.0
24-Jan-2012,758.5299999999999,763.4504703274515,79.58411522220469,77.90942588657191,10.674220045284528,65.77168251449244,18.258426966292134,71.03345761142408,35.5,1226427.7930067335,0.1543611965334077,774.6,1.0
25-Jan-2012,762.7999999999998,768.5633147911594,82.99989703952224,79.60624960422201,11.618832737958996,67.72072667168952,10.168539325842646,76.98245614035139,54.05000000000007,1015101.392827935,0.17186189544310865,788.7,1.0
27-Jan-2012,771.1499999999999,778.1616233932597,86.5280180434568,81.9135057506336,14.12636210997141,74.35689059717532,6.415739948674082,127.33565287826129,88.60000000000002,-107813.79237973737,0.18606374056471892,800.0,1.0
30-Jan-2012,777.4449999999998,781.2229562774838,81.56615517125806,81.79772222417509,14.197451577104403,62.018128908391006,28.357570573139423,79.2623564013492,81.79999999999995,-1520732.4288123497,0.20074084428291852,813.9,1.0
31-Jan-2012,787.8599999999998,787.8259347609173,84.49361193722835,82.69635212852617,15.582476821769205,67.27552494135034,9.65147453083106,110.81266661281315,75.05000000000007,-629908.051312374,0.2208414872798433,804.5,0.0
01-Feb-2012,796.7749999999997,795.7909660497838,88.47797479402365,84.623559683692,17.429822072130037,70.1698593913313,3.553299492385731,137.15188792072513,51.450000000000045,1077830.820755547,0.24168297455968674,818.9,1.0
02-Feb-2012,801.7249999999997,801.924094905185,87.1948403388729,85.48065323541896,18.524829816245983,69.22897360626291,15.371428571428625,120.68678326606556,43.60000000000002,845132.9341404424,0.27045009784735796,835.0,1.0
03-Feb-2012,806.9899999999996,808.5820105891904,89.78703641639142,86.9161142957431,19.78755314401019,71.21902058237396,5.028571428571533,93.01080015302722,45.64999999999998,1739268.2659844342,0.29085826111266405,830.0,0.0
06-Feb-2012,811.0249999999996,813.0458443632675,87.3589079820835,87.0637121911899,20.166477272831457,68.34294804550007,17.49734888653235,89.14394200897584,61.450000000000045,2610612.335488585,0.3023203802068771,845.9,1.0
07-Feb-2012,818.3249999999996,818.7993926814327,88.27167377015364,87.46636605084447,21.04475172157936,71.16276584313937,9.902794653706055,105.98069459647839,60.799999999999955,3138139.753857256,0.3179480011182553,842.0,0.0
08-Feb-2012,825.7899999999996,826.0257279635476,89.6170132826665,88.18324846145181,22.474622758180544,74.22207781640215,7.692307692307768,134.07884815115221,67.44999999999993,3468893.273860528,0.3421861895443107,847.0,1.0
09-Feb-2012,832.0799999999996,831.0997524984208,88.08950310798454,88.15200001029605,23.000896272062732,71.45499676590241,14.965517241379342,107.89990518759393,33.450000000000045,4127550.5973203536,0.36242661448140884,856.75,1.0
10-Feb-2012,834.3649999999996,833.314268299234,82.1975997731391,86.16719993124373,22.374902964841453,65.16625852416888,29.586206896551786,66.13188424548281,48.5,2785755.708504783,0.381450936538999,850.35,0.0
13-Feb-2012,839.8149999999996,836.2174446230778,79.99587220262984,84.11009068837242,22.065569411358183,66.99325013065113,24.40758293838867,66.66666666666895,32.14999999999998,3206860.2374129985,0.39552697791445335,841.1,0.0
14-Feb-2012,842.9949999999995,838.5271199531486,75.9265719543186,81.38225111035447,21.542851954583853,66.76628042495179,32.21202854230387,53.96169637620367,17.699999999999932,3908590.3079141676,0.40313111545988234,846.9,1.0
15-Feb-2012,843.5399999999994,838.1853706881144,64.88886652204316,75.88445624758404,19.97829294090866,58.99365584069705,57.18654434250771,-19.55704805308987,7.399999999999977,3139318.0786903985,0.41498462398658076,854.2,1.0
16-Feb-2012,841.8599999999994,833.5011127963292,47.56479990358433,66.44457079958414,16.722556459788734,46.98693542322442,87.08333333333333,-197.1463677624801,-25.84999999999991,3784366.032712603,0.42485322896281785,831.0,0.0
17-Feb-2012,839.8499999999997,830.7166120623016,39.20986660238955,57.36633606718594,14.41403732532126,49.690159207875936,77.5,-142.65949753167928,-14.799999999999955,3324645.1396298762,0.4237349734414312,822.05,0.0
21-Feb-2012,840.9049999999995,833.0516570469249,47.723244401592986,54.15197217865496,14.348630474417632,59.74520991710425,35.250000000000156,-32.68015104182992,-1.0,3011698.0105282236,0.4215124405926753,817.5,0.0
22-Feb-2012,839.7899999999996,833.1150299166901,47.75994071217306,52.02129502316099,13.365751358849707,54.866715070003735,52.166666666666785,-2.0799999999981136,-25.0,3026723.7980249133,0.41357282639083015,848.0,1.0
23-Feb-2012,837.9099999999996,834.2946908932839,52.91483970183519,52.31914324938572,12.913216922847369,57.23665617725253,36.77536231884054,-1.3666072489605718,-14.25,3168602.7962974347,0.41525020967291004,832.0,0.0
24-Feb-2012,834.5199999999998,831.6855238104638,44.638131317491116,49.75880593875418,10.91487352235697,48.30449567909575,71.91528545119704,-73.15014852822017,-23.299999999999955,2395101.5869970024,0.41105675146771015,833.5,1.0
27-Feb-2012,828.3399999999998,822.5488083167476,35.50157568481931,45.006395854109215,6.284412139391179,36.05531114603576,82.7715355805243,-184.38435657622549,-67.79999999999995,1779647.910661772,0.40455689124965044,821.8,0.0
28-Feb-2012,823.0649999999998,817.8113954948759,34.9478185173827,41.65353674186704,3.7410145500232375,42.39953996030513,66.1596958174905,-125.27917941930586,-52.39999999999998,1247009.1803756766,0.39657534246575327,789.05,0.0
29-Feb-2012,820.2499999999998,818.3458040562143,43.36010642422652,42.22239330265353,3.5709950868863416,51.08765525528776,39.81531776208582,-20.109239172243612,-15.899999999999977,-643556.4610167053,0.38202404249370964,805.05,1.0
01-Mar-2012,817.68,817.0008718388694,45.41950241788921,43.288096341065426,2.641576458626787,47.84704663520773,50.461705594785386,-43.85739933316214,-1.5,-2186507.69630575,0.37032429410120193,811.8,1.0
02-Mar-2012,817.845,816.4733633946594,47.93311749097739,44.83643672436941,2.127012788413708,49.00236744629616,47.039652362846255,-29.336414326617813,-4.100000000000023,-2650984.1164834797,0.3584707855745035,816.25,1.0
03-Mar-2012,817.37,815.9235951295844,49.37348155020439,46.348784999647734,1.6493837752078662,48.754738837802584,47.74579033134162,-23.29548223597571,-30.09999999999991,-768527.3673575055,0.3543472183393903,811.0,0.0
05-Mar-2012,812.7650000000001,812.5735223548396,44.557877796098595,45.75181593179802,0.018281924887560308,42.8507323661765,65.073329712113,-66.10021786492302,-35.89999999999998,-1314918.166684363,0.3512580374615597,812.05,1.0
06-Mar-2012,807.0800000000002,806.0232659683484,34.120785079125824,41.87480564757395,-2.888931224949147,36.41508613940912,86.7534003548197,-120.60738296702216,-63.05000000000007,-1257869.0253170151,0.3497344143136704,797.0,0.0
07-Mar-2012,799.3,797.9821447947235,26.71631904944292,36.821976781530275,-6.282214920138813,32.58651032314846,88.09261300992289,-179.40292902741209,-58.15000000000009,-1937014.0306030363,0.33547665641599084,776.55,0.0
09-Mar-2012,794.685,793.5851552582651,27.6938442557621,33.77926593960755,-7.9311285339334745,38.43737134030436,70.35110533159953,-102.16123499142259,-7.650000000000091,-2978906.5327196773,0.31997483925076853,775.3,0.0
12-Mar-2012,796.395,794.4878939348807,39.07374619218122,35.54409269046543,-7.196595201516857,48.65053602877459,38.166449934980534,-14.37908496731943,2.0499999999999545,-2475798.7165732644,0.30370422141459297,790.0,1.0
13-Mar-2012,798.74,799.1175340633795,55.93646365131113,42.341549677413994,-4.863168742881044,55.70962418549285,10.338101430429044,69.7359366936186,-0.7999999999999545,-1239112.996461602,0.2948140900195692,803.45,1.0
14-Mar-2012,798.115,801.914428250925,64.08422471268842,49.58910802250547,-3.407293873795652,53.62364836894063,19.62025316455696,78.78356621240947,3.5499999999999545,-508086.43365465105,0.2988398098965611,828.0,1.0
15-Mar-2012,796.685,800.9572364615099,61.984419850653026,53.720878631887985,-3.6295653397163505,47.19298602810029,42.21518987341775,24.99851243603543,-17.450000000000045,172334.45722271875,0.30525580095051696,818.0,0.0
16-Mar-2012,792.5099999999999,795.7558184090445,50.331385385667424,52.59104754981446,-5.672465995119296,39.94683661455296,72.97468354430376,-67.85044030604836,-41.10000000000002,442951.24306946807,0.3069890970086663,780.0,0.0
19-Mar-2012,786.675,788.3637324364366,35.284214729685466,46.82210327643813,-8.565441238209246,35.63159242906423,94.81012658227846,-107.84234597793909,-42.39999999999998,-124539.14510284364,0.29685490634609984,781.0,1.0
20-Mar-2012,782.9799999999999,783.3066235724701,27.809719062784872,40.48464187188704,-10.304451347817462,37.98336892994271,87.13927227101632,-99.39188765594545,-16.0,-2527966.85088514,0.2884679899357001,756.1,0.0
21-Mar-2012,782.1299999999999,780.532662122842,25.963484812245532,35.64425618533987,-10.957665480801893,41.26466188616651,77.72898368883314,-62.018195708034604,6.25,-3660623.1576209217,0.2728263908303046,760.0,1.0
22-Mar-2012,779.5849999999998,772.4993800033924,18.788581711565055,30.02569802741493,-13.84598729357333,33.051907210882504,95.56122448979589,-113.98100677093453,-37.44999999999993,-3935936.7861950826,0.26248252725747817,765.9,1.0
23-Mar-2012,776.6099999999998,767.326728144947,16.624360596825667,25.55858555055184,-15.342393715531216,36.46473488055665,87.70408163265311,-100.64811468497764,-54.5,-3014629.2081481153,0.2595051719317863,743.8,0.0
26-Mar-2012,769.7649999999996,760.5581921715903,12.086143310505143,21.06777147053627,-17.44214641261908,33.07109540529335,96.9902912621359,-104.66457444811057,-89.85000000000002,-1442893.129559175,0.2506989097008665,743.9,1.0
27-Mar-2012,760.8749999999998,755.1930404149616,9.948118419269056,17.3612204534472,-18.812871054812376,33.53911672800966,94.3279313632031,-100.79849549882856,-83.45000000000005,-1092329.781393813,0.2378110148168855,738.0,0.0
28-Mar-2012,751.9949999999997,749.830648244486,8.353363289112188,14.358601398668862,-20.095441378219675,32.1330946409672,94.83614697120156,-99.62946494738355,-70.94999999999993,-1978498.2975679664,0.21951355884819662,730.0,0.0
29-Mar-2012,744.7949999999997,745.2523337642554,8.350171929253367,12.355791575530363,-20.954076136842104,31.842000227529084,91.65621079046427,-100.60027638624912,-47.700000000000045,-3388531.499389503,0.19211629857422405,718.0,0.0
30-Mar-2012,742.6199999999997,746.2246392877383,22.28473000411764,15.665437718392788,-19.331560096439148,45.41961458499411,49.84615384615381,-1.631536756730425,-4.5,-4527998.505908279,0.1641599105395581,729.5,1.0
02-Apr-2012,741.1649999999997,745.1928844573463,28.400030212955276,19.91030188324695,-18.636645700012878,41.833554287792715,59.36936936936945,10.413931915639393,-20.0,-4374685.889258952,0.15004193458205184,749.35,1.0
03-Apr-2012,740.3799999999997,746.5578169725818,39.77419431614439,26.53159936087943,-16.916034493632083,47.4110163785518,37.47747747747739,82.30169646951035,-15.349999999999909,-3492952.1459885584,0.14119373776908006,744.25,0.0
04-Apr-2012,738.2749999999996,746.6382140031183,44.60156764824342,32.55492212333409,-15.827400482128724,45.15409064178306,45.74368568755851,75.35263548626693,10.649999999999977,-4472570.435582706,0.13788090578697215,745.0,1.0
09-Apr-2012,738.8549999999996,745.8221741262979,47.66310894441171,37.590984397026624,-15.179002678966526,43.209442470566785,46.213808463251695,18.898186889820565,-1.8999999999999773,-4380733.553258587,0.13381052031906046,740.05,0.0
10-Apr-2012,738.7149999999995,745.2454146349595,50.075331723891395,41.75243350598154,-14.458219487093743,43.48822697356683,45.100222717149244,30.14244531117769,12.549999999999955,-5010260.687899789,0.12696444397781628,746.0,1.0
11-Apr-2012,738.7349999999994,742.528064363589,42.51495760063432,42.00660820419913,-14.709653955497743,38.32491736741178,72.60579064587982,-57.614017714692686,-0.75,-5072183.759266391,0.12800822083477603,739.0,0.0
12-Apr-2012,739.9599999999995,742.6684163885898,47.12578465135084,43.7130003532497,-13.705943551667929,45.84509576148549,43.65256124721611,9.063350655779564,17.59999999999991,-5063174.122004635,0.12701052195953316,733.3,0.0
13-Apr-2012,742.5449999999995,744.2832506301428,56.324390955392005,47.916797220630464,-12.107593231048554,50.13258775392321,25.278396436525675,91.901174385112,26.899999999999977,-4360722.082100468,0.12602266994094163,746.05,1.0
16-Apr-2012,744.8899999999996,744.9772053625821,57.4038744802796,51.07915630718017,-10.991612597722224,48.35382115169702,40.4371584699452,24.887456517292406,-2.5,-2653239.0182538126,0.13093881062771504,747.1,1.0
17-Apr-2012,744.4699999999996,745.2358953886325,56.57526058248149,52.91119106561394,-10.127170376281697,47.43239358337305,45.08196721311472,37.80369290573403,5.850000000000023,-2322130.1206878936,0.13951174578027362,754.8,1.0
18-Apr-2012,745.2749999999995,745.8475509504452,58.02649430453233,54.6162921452534,-9.159472800026833,48.83436770554427,39.07103825136597,57.897889595431316,-4.100000000000023,-2095110.7820404582,0.1470845675874303,750.0,0.0
19-Apr-2012,744.1699999999996,745.0843596869025,53.01672916287215,54.083104484459646,-8.849836446982863,44.654111839517896,57.00280112044817,5.885198323121702,-5.350000000000023,-2220776.4734550267,0.1477273473908478,753.9,1.0
20-Apr-2012,742.5549999999996,742.4962937853056,39.59285212165339,49.25302036352422,-9.365760335466348,38.904095715448676,87.25490196078414,-132.468746348874,-11.299999999999955,-1938932.0029719993,0.15091772090435543,740.05,0.0
23-Apr-2012,741.9699999999997,741.3696947357537,37.065428751296196,45.19048982611488,-9.229430521509244,43.01818862170682,67.98941798941819,-82.21106758080434,-6.350000000000023,-1633685.2212117836,0.14979145692506818,725.85,0.0
24-Apr-2012,741.2149999999998,740.2297500897436,34.63195685247422,41.67097883490132,-9.112930521346357,42.32098442398529,70.23498694516974,-85.49268464657266,4.800000000000068,-1799138.7538351063,0.14664157828351918,739.0,1.0
25-Apr-2012,741.8149999999998,739.5152499972207,34.05402867623601,39.13199544867955,-8.822235787657178,43.341294122964975,67.1018276762404,-65.61472715319017,-7.0,-1166954.373320654,0.14593633967856773,734.1,0.0
26-Apr-2012,741.9899999999998,740.5215682673598,41.28406089294754,39.84935059676887,-7.797187629706627,50.4435835581657,44.255874673629414,9.013085944865033,-6.5,-650334.987043934,0.14604197851270512,737.1,1.0
27-Apr-2012,741.0349999999997,740.790374056123,45.951710283113066,41.88347049221693,-7.1481181578612905,48.107985197795905,44.712990936555876,12.484554092631578,-6.100000000000023,-83957.38278806396,0.14949602692857034,741.3,1.0
28-Apr-2012,740.2199999999997,740.6375787642659,46.99902538511671,43.588655456516854,-6.721394959282179,46.50009072422093,50.906344410876,-3.423548461716429,-6.449999999999932,-8965.926247369498,0.1508485919302489,739.8,0.0
30-Apr-2012,740.0899999999998,741.4489281186326,52.88353958202144,46.68695016501838,-5.900227176534145,51.06537183795857,35.34743202416907,52.89779239547407,-3.5,-155410.44824036397,0.1513833105983903,737.5,0.0
02-May-2012,739.5849999999998,741.8309412029108,57.165185328411596,50.17969521948278,-5.3131008413815835,49.64858880280789,34.2715231788081,88.59321758883503,1.8999999999999773,-991941.0009745173,0.1499831574413844,747.9,1.0
03-May-2012,739.3049999999998,741.2889518759496,56.341170483682355,52.233520307549306,-5.167012437731387,45.40436652678971,45.30685920577612,8.665824155987174,8.0,-1853425.294416476,0.15420372380086994,738.5,0.0
04-May-2012,738.8649999999998,738.5909605551492,42.60613179637786,49.02439080382549,-5.981700859078273,36.30620932035016,84.86394557823112,-146.87449783062908,-9.849999999999909,-1839642.1336381733,0.15377328132582277,733.4,0.0
07-May-2012,736.8049999999997,734.4289676377975,36.03547735309282,44.694752986914594,-7.408439262919387,30.432213563133317,77.10583153347726,-221.75141242937784,-19.399999999999977,-1233886.5738796461,0.155411956902142,715.0,0.0
08-May-2012,734.1299999999998,729.6873370751055,29.971488718855788,39.78699823089499,-9.0275471773449,27.10119175680431,82.15648854961827,-169.77295074640173,-27.949999999999932,-764110.9419093318,0.15329230762836388,718.0,1.0
09-May-2012,730.0099999999998,723.3987302440121,22.217943597712786,33.93064668650092,-11.249187080936053,22.227844925796276,93.28914664457321,-151.84992839494473,-49.94999999999993,35238.73646308854,0.14814286440125735,702.0,0.0
10-May-2012,724.9199999999997,718.0807792281706,16.784024847119408,28.21510607337375,-12.937274996054498,21.91392112536201,94.08381265406734,-111.0299728954496,-47.85000000000002,388923.9602090735,0.13820237730560597,697.25,0.0
11-May-2012,720.4399999999997,714.2842738775186,15.890881857931738,24.107031334893076,-13.869270749928091,25.65923020688146,85.8954041204436,-91.65296803652939,-42.75,488031.6638056077,0.12476263473271451,693.0,0.0
14-May-2012,714.5749999999997,708.2871331254199,11.852214535349596,20.022092401711912,-15.708845187367274,20.080419703337554,96.22512010981468,-101.50666523967561,-63.80000000000007,891986.6092665065,0.10815493386618624,698.0,1.0
15-May-2012,708.2299999999997,703.4440179805895,11.15719002658492,17.06712494333625,-16.94315540145385,20.503162532281934,90.23285899094444,-106.72377888344329,-61.89999999999998,632677.3336922973,0.09394771030831323,679.0,0.0
16-May-2012,701.4849999999997,698.4723783216194,8.862029578881106,14.332093155184534,-18.159556232146883,18.755218170579496,95.72829131652652,-107.14732496559681,-62.75,345755.344173627,0.07755698183149204,675.0,0.0
17-May-2012,696.1149999999996,696.0501277072702,11.93241603491253,13.532200781760531,-18.184081229959816,29.625377614059246,81.92681105302462,-72.37730341178508,-41.30000000000007,-410853.1475636121,0.05692623281703739,680.25,1.0
18-May-2012,692.3249999999996,694.6864681193313,18.50993210635298,15.191444556624681,-17.72497111079781,33.34793884564746,68.33503575076611,-44.60317460317348,-27.15000000000009,-311344.571304515,0.04129552355606324,676.9,0.0
21-May-2012,690.3049999999996,694.8343830071515,28.661292432952173,19.681393848733844,-16.609118697752365,40.496691409991016,51.03598691384943,24.678663239075536,-12.850000000000023,-316881.31326682307,0.026392276375341826,686.5,1.0
22-May-2012,688.5799999999997,694.155404276979,36.12780174455186,25.163529814006516,-15.896425915789564,37.65568267392916,48.93917963224878,52.43562978427394,-4.0,-909853.4999648761,0.02179967819397541,704.6,1.0
23-May-2012,687.7549999999997,692.8271489513318,37.09793100744764,29.141663545153556,-15.49577136265691,35.01904152395717,60.96181046676079,-35.74890465666,-7.2999999999999545,-1713620.5388996247,0.02249576995445615,685.2,0.0
24-May-2012,687.8699999999997,693.2767582336168,48.23961380422547,35.50764696484419,-14.331458047674687,43.72403969851516,29.47702060221885,71.77538526493834,-1.900000000000091,-1682499.5379943121,0.022309772191732958,694.0,1.0
25-May-2012,687.2699999999998,692.8991658270174,51.335653788131346,40.78364923927324,-13.58286713232826,40.77892013362017,42.47226624405689,56.40989465764055,9.900000000000091,-2520831.6816620138,0.027033108743982175,695.0,1.0
28-May-2012,689.3049999999996,694.4902265874211,64.44035661945149,48.66921836599932,-12.008229047502596,50.26587907745705,9.350237717908207,115.06144612746748,20.0,-2533084.5389090404,0.03371282674851618,692.0,0.0
29-May-2012,691.3249999999997,695.8283672090458,69.08268672589288,55.473707819297175,-10.621740944564067,50.434728424188435,21.632653061224303,132.67363019974655,25.75,-2677280.377169298,0.03744462165514793,702.2,1.0
30-May-2012,694.3399999999997,697.723209536013,75.9880746754995,62.31183010469795,-9.063517724359372,54.2329316989056,10.20114942528724,123.23513297087956,21.100000000000023,-2243740.3135764655,0.04669502037923087,699.65,0.0
31-May-2012,696.3849999999998,699.1553532575659,69.53013180648475,64.7179306719602,-7.791237436069878,53.55925211128023,43.38575393154478,118.16305469556323,17.050000000000068,-1662062.5190632641,0.05504164451532868,697.0,0.0
01-Jun-2012,696.0549999999997,696.6271072095398,51.05930355726437,60.16505496706159,-8.328609181428305,37.39872166548469,85.88235294117638,-66.61594386676816,-10.25,-1055761.242259061,0.06097820308346619,707.35,1.0
04-Jun-2012,695.7799999999997,695.9221786257142,45.629832200799804,55.319980711640994,-8.05655509236908,44.283067041377784,65.22911051212932,-90.40625963613888,1.6499999999999773,-1369377.7019772455,0.07177033492822962,677.0,0.0
05-Jun-2012,696.9249999999997,697.1272370577842,47.88020559418399,52.84005567248865,-6.969990858247002,51.95416451281188,47.61904761904764,53.67757962913782,15.699999999999932,-1041235.2774503008,0.06840333156122627,696.0,1.0
06-Jun-2012,699.8299999999997,700.5404666845261,57.37686063272045,54.352323992565914,-4.974514623635173,60.23989025793823,23.629829290206615,131.1706629055022,20.600000000000023,-565135.7844036669,0.06535530746057057,704.45,1.0
07-Jun-2012,702.4249999999996,704.3058363790469,65.51619768677091,58.07361522396758,-2.9277163590188593,63.07533613369661,18.205128205128165,189.50617283950749,30.049999999999955,-529853.6708270162,0.07217791954634056,721.05,1.0
08-Jun-2012,706.2749999999996,708.9229570382029,75.75723720428604,63.96815588407373,-0.6167767243977096,67.18248040030974,3.760683760683644,147.59442446043147,28.050000000000068,150985.73462548107,0.08200865941154943,718.0,0.0
11-Jun-2012,708.3349999999997,711.3460557588735,76.3513856494182,68.09589913918855,0.6066040803336818,60.58133496624916,22.460317460317427,111.54204157617205,20.399999999999977,90193.97278751805,0.09038746077722605,732.7,1.0
12-Jun-2012,710.4449999999996,713.4558638029596,77.11785498321005,71.10321775386238,1.6140109188485212,60.98158570349344,21.34920634920624,67.02940053455609,16.700000000000045,779114.553206604,0.10743753114656655,715.0,0.0
13-Jun-2012,711.4499999999996,713.9729794751979,74.11031602055272,72.10558384275916,1.8544809922183276,55.078323952868786,31.90476190476194,38.701622971286746,10.699999999999932,977819.1232214272,0.11377831478721308,722.25,1.0
14-Jun-2012,712.5249999999996,714.4051650251955,72.13174507190288,72.11430425247373,2.0257371702065257,55.11462373737415,31.82539682539675,24.59000371391187,31.100000000000023,264523.1759963557,0.12504911891891546,716.0,0.0
15-Jun-2012,716.6749999999996,716.6496804753027,76.3153432754485,73.51465059346532,2.9663612589841932,62.178014657537936,15.317460317460283,70.35296952174694,34.0,612727.4801786449,0.13541849921478274,718.5,1.0
18-Jun-2012,719.2899999999996,717.0588294798144,70.08593506498825,72.3717454173063,3.0433664981482025,54.92863289731918,42.37288135593225,35.564454614802024,16.350000000000023,1054042.1055025905,0.14327985570217058,730.35,1.0
19-Jun-2012,722.7799999999995,720.766315029097,78.46804798953582,74.40384627471613,4.548642702058032,65.49224738546289,4.767726161369029,150.28222013170733,21.550000000000068,2465704.9277301673,0.16719044320670276,717.0,0.0
20-Jun-2012,724.9299999999996,723.7906213875483,79.84599228560481,76.21789494501235,5.672163370051862,65.44630849006666,17.398119122257217,199.95021160070252,16.149999999999977,2085286.6195299383,0.17840454072577663,738.0,1.0
21-Jun-2012,724.6749999999995,722.8650538625133,61.730405507351534,71.38873179912541,4.996159928788188,50.675143880764686,74.50076804915498,-44.98335710888693,-11.0,2457402.3591164593,0.19600296449236757,734.0,0.0
22-Jun-2012,722.8049999999996,720.707771342006,47.456480152109165,63.41131458345332,3.7953938049600993,45.93214601978234,81.09137055837556,-148.9292042215514,-11.25,1990608.5587428603,0.20568784026181244,713.55,0.0
25-Jun-2012,722.1999999999996,719.8881765525348,42.33985309633002,56.38749408774555,3.226155640430534,49.48019581196751,67.89340101522828,-56.10406808046122,-6.75,2031186.707914129,0.20733669136402236,714.2,1.0
26-Jun-2012,722.2549999999995,720.5448717248115,45.10474131971916,52.62657649840342,3.325703420766672,54.171202407839665,49.36548223350254,-8.24031324878381,7.2000000000000455,1628174.0186336003,0.20166784585701908,717.5,1.0
27-Jun-2012,722.8749999999995,720.9003495930322,46.10197644664864,50.451709814485156,3.286029335763601,53.4162622786539,51.90355329949238,11.189989170983052,6.149999999999977,1362715.0876341574,0.20456706099117308,726.4,1.0
28-Jun-2012,723.2299999999994,720.7184678488426,44.56713827407708,48.490185967682464,3.0101021280917166,51.348948364203245,58.50253807106603,-19.895629484667264,-6.850000000000023,1462808.5089245625,0.2074150190565573,724.4,0.0
29-Jun-2012,724.3399999999995,723.8332918763523,58.730038037201965,51.903469990855626,4.191449699279133,62.48609231248629,12.94416243654825,111.69202349210012,18.950000000000045,1088578.8659174368,0.21121036176864663,725.1,1.0
02-Jul-2012,726.1899999999995,726.2999660806692,67.79126055272005,57.19940017814376,5.033344453484347,62.09016997867507,14.086294416243794,93.47826086956837,-0.05000000000006821,1305297.1761247367,0.2141581062974541,735.5,1.0
03-Jul-2012,726.0799999999996,728.1272449751034,72.94375068996902,62.447517015418846,5.551830852583294,61.086692745925944,16.751269035533014,86.9037131950599,-1.0499999999999545,1188596.1335202195,0.2164582402858418,739.95,1.0
04-Jul-2012,725.7649999999996,729.2404731614535,74.80137514028627,66.56546972370799,5.727268667813064,58.96884477684736,21.48337595907921,74.06783468104447,15.549999999999955,545056.9444829244,0.2267083519428316,740.0,1.0
05-Jul-2012,727.7649999999996,730.9603871321049,79.83348283009713,70.98814075917103,6.154423411806761,62.065420133409,10.10230179028115,80.49951969260596,27.700000000000045,667425.1847659275,0.22760160786065203,734.95,0.0
06-Jul-2012,730.1499999999996,731.6675894717243,78.07278409445304,73.34968853759837,6.111840900732773,57.867259669573684,25.448613376835105,41.53817400243325,18.649999999999977,468557.237625191,0.22802590442161677,738.0,1.0
09-Jul-2012,731.7099999999997,731.6916641132291,72.55679696131378,73.0853913455035,5.765530821443804,54.615475911184305,38.47517730496472,-5.523302693108967,8.299999999999955,1090963.8034567721,0.23894595801697185,729.0,0.0
10-Jul-2012,733.3299999999997,733.147725183554,77.92248002549132,74.69775423883277,6.058680982750275,60.9334588031895,11.346153846153584,71.43735398992264,17.200000000000045,1120751.1186312381,0.24555605180884318,731.45,1.0
11-Jul-2012,733.6449999999996,731.7845024229055,63.48678155545575,70.96076334437376,5.098546109376116,47.78751359177598,65.38461538461539,-87.20695812452203,5.75,669999.4834198076,0.25178651183564094,733.45,1.0
12-Jul-2012,733.7749999999996,729.8600474369199,47.67350994760328,63.198345545450266,3.9332242359830616,44.41533832384049,83.95303326810163,-191.0580142999264,-16.649999999999977,1173540.5544657223,0.254935238945958,721.9,0.0
13-Jul-2012,731.8399999999996,727.7945842665684,36.001749247769276,54.13281344622327,2.7600204693609385,42.39833882964412,87.34177215189872,-152.23097112860194,-18.899999999999977,1452478.1780222775,0.25381866904868244,720.0,0.0
16-Jul-2012,730.1349999999996,726.4410234908274,30.45083464016448,46.23882051087034,1.9569656627436416,44.32325622567364,80.6509945750451,-114.50240473547497,-16.0,1352082.9882149855,0.25154086645824025,720.0,1.0
17-Jul-2012,728.4349999999997,725.1517464924941,25.59252722969606,39.35672275047891,1.2257197561804105,43.45116035521729,84.12408759124078,-76.32850241545445,-14.899999999999977,1166755.7838349305,0.24461813309513172,724.8,1.0
18-Jul-2012,726.5899999999997,723.4514289484032,21.035194753572114,33.249546751509975,0.35565270077711375,40.32178161196309,88.07947019867576,-101.57707868879118,-22.90000000000009,1146681.2466653455,0.23785171951764178,718.0,0.0
19-Jul-2012,725.4999999999998,724.242078230512,31.473127598578202,32.65740703386605,0.6271710932098813,53.027766723947586,47.65100671140962,-4.638515674981137,-7.050000000000068,1208531.6921900464,0.22802590442161672,720.2,1.0
20-Jul-2012,724.2799999999996,723.9526094613279,32.671123097038645,32.66197905492358,0.42193249698220825,48.14029034408024,64.93288590604044,-23.399307038773912,-9.149999999999977,1396525.2247463288,0.22143814202769088,722.3,1.0
23-Jul-2012,722.9999999999997,723.0521350138134,29.387012713461964,31.570323607769705,-0.03483890019856517,44.88265128274714,77.18120805369139,-64.52998335748843,-20.700000000000045,1602531.7687691879,0.21442608307280028,715.0,0.0
24-Jul-2012,721.4799999999997,723.3153831931202,36.39462049749918,33.17842257101286,0.04642903605576976,50.49182037308854,49.59016393442637,34.68104222821483,-1.1499999999999773,1107021.1259815795,0.20817329164805712,721.0,1.0
25-Jul-2012,720.8399999999997,722.5762226125527,37.596413664999496,34.6510862690084,-0.30922650225659254,45.57288782385999,59.99999999999987,-74.47257383965689,-1.9500000000000455,544252.3891508337,0.20350602947744517,720.4,0.0
26-Jul-2012,719.7349999999997,720.31690941027,30.082196923619733,33.128123153878846,-1.3102670406158268,38.373147381566014,84.94623655913979,-191.81739879414008,-8.350000000000023,-59128.85477168579,0.1976775346136667,720.9,1.0
27-Jul-2012,719.9849999999997,720.4411076993118,40.62827465158881,35.628173653115496,-1.214108846569502,49.0389693375733,38.27956989247302,29.3792255685353,0.6499999999999773,-212986.61811039876,0.19723090665475645,719.0,0.0
30-Jul-2012,720.9099999999996,722.1063608448917,57.5030114642137,42.919786256814895,-0.43890253447966643,55.77923206873254,8.747514910536516,138.59613565734944,10.25,-766362.8261778578,0.19678427869584625,723.0,1.0
31-Jul-2012,723.3349999999997,726.0142952367299,69.55629577124174,51.79862276162384,1.2902527685434961,64.31609125115827,6.337135614702147,203.044140030446,27.800000000000068,-1081004.4240365764,0.19812416257257695,731.6,1.0
01-Aug-2012,726.4299999999996,729.7844233755067,76.57802015634573,60.058421893197796,2.8815799481104705,65.95900257453356,9.378531073446277,196.47252514385517,18.950000000000045,-561715.2530611381,0.20116123269316652,740.25,1.0
02-Aug-2012,727.6049999999997,731.5599827617784,75.8354409328557,65.31742823975043,3.521153370893785,59.05390589452122,25.649717514124344,109.75702933985556,16.899999999999977,-344097.084610302,0.2110987047789191,742.1,1.0
03-Aug-2012,729.5949999999997,733.5581677141824,77.6002751228454,69.41171053411541,4.221430847214833,60.94668460144191,18.87005649717519,79.07386094374355,23.549999999999955,-289207.8850976387,0.22087985707905305,735.0,0.0
06-Aug-2012,736.2999999999997,743.1021372206951,83.7174039590369,74.18027500908923,8.192034387812441,77.6167213124175,4.0483383685800876,199.06149666584506,61.549999999999955,20800.626182419248,0.22655203215721298,748.05,1.0
07-Aug-2012,742.2249999999997,750.4926577260236,84.59099793611043,77.65051598476296,11.026074651525732,75.71794614965398,13.661814109742481,177.45826812728362,64.5,238092.64938449766,0.24131308619919598,786.05,1.0
08-Aug-2012,749.3799999999998,757.8212654122012,86.76757740046776,80.68953645666456,13.683212709719442,77.58547198580811,8.879263670817588,132.9560582463396,80.64999999999998,-213332.2303021876,0.2703662349263063,785.05,0.0
09-Aug-2012,756.3799999999998,761.8810353372555,83.59439780831826,81.65782357388245,14.759513854366332,68.71492756204438,22.75196137598071,84.84091431196973,59.14999999999998,-465978.8157163048,0.2992407324698525,788.9,1.0
10-Aug-2012,762.4899999999998,765.5572107304819,81.84070964998996,81.71878559925162,15.590124685676415,69.42608125541925,21.666666666666636,61.641169659795,52.5,-244458.13065957557,0.3296114336757481,777.65,0.0
13-Aug-2012,768.3449999999997,769.664990597667,83.2570542965745,82.23154183169257,16.54584147261346,71.64781064290958,13.910256410256439,62.126662129903714,44.549999999999955,653488.8478145301,0.3558061634658328,779.5,1.0
14-Aug-2012,773.9399999999996,775.0986286708185,87.69504576151382,84.05270980829965,18.015463265594917,75.39174210211222,3.4289713086074793,86.39438308074499,52.799999999999955,1302771.3787119426,0.3810406431442608,787.9,1.0
16-Aug-2012,780.8799999999995,782.5625143670333,89.71564569570069,85.9403551041,20.28578272815605,79.72375339855343,6.2431544359255655,134.54032000760503,76.60000000000002,1169308.828331056,0.40618579723090653,802.05,1.0
17-Aug-2012,788.5349999999996,788.6602390275727,90.03477245284834,87.3051608870161,21.829357212997365,79.67681156337242,9.326974032856334,145.63201087748425,73.55000000000007,1307177.816489227,0.43378740509155855,817.9,1.0
21-Aug-2012,795.7049999999995,793.3129228407413,88.73712654956752,87.78248277453324,22.642364816798477,77.79370034154968,13.85816525699411,115.85799226862365,28.200000000000045,3523204.2475317055,0.4676418043769538,816.0,0.0
22-Aug-2012,797.8799999999994,795.9469368696975,81.2598906061156,85.6082853850607,22.506775560158417,71.26859263986228,33.69458128078822,60.940834820337,24.049999999999955,3622108.1391266156,0.5038186690486823,809.2,0.0
23-Aug-2012,798.9549999999996,795.6838574388433,67.53943445990632,79.5853350766759,21.083091656469946,59.7804049067988,59.90147783251227,-7.491381596390611,3.7000000000000455,3337347.4670441533,0.5311299687360428,810.55,1.0
24-Aug-2012,798.0849999999996,793.2140651772355,50.24796451678486,69.80621155671221,18.73823558930178,51.22631194300734,84.33497536945805,-74.39824945295183,1.9500000000000455,2318806.187042082,0.5420723537293435,791.75,0.0
27-Aug-2012,798.8049999999996,792.1478715086472,42.16859375010619,60.59367228784353,17.106358788678563,54.302432189917695,73.99014778325113,-57.232314114857104,5.25,1746243.5729391554,0.5450647610540419,786.0,0.0
28-Aug-2012,799.6149999999996,791.7937130525295,36.49067702721936,52.55934053430214,15.860228411643561,55.97713987744357,74.86515641855429,-71.58935212370174,2.050000000000068,1644522.009023786,0.5437695399732022,786.85,1.0
29-Aug-2012,799.0149999999996,790.0403106793424,26.9161147819003,44.01159861683485,14.06100826094314,50.20303805289257,92.23300970873782,-77.74432243082401,-17.399999999999977,2261874.852662291,0.5478785171951763,791.0,1.0
30-Aug-2012,797.3999999999995,788.8329814649164,26.706657930384665,38.24328505468479,12.59083830896725,51.073775181593064,73.7122557726466,-91.02317633236969,-32.75,3093737.077615024,0.553014738722644,779.75,0.0
31-Aug-2012,792.4249999999996,784.7542575622044,19.7872896384772,32.091286582615595,9.939387663504817,40.399145963569254,94.05144694533773,-119.10915826656071,-49.700000000000045,2992186.747980169,0.5493747208575257,780.0,1.0
03-Sep-2012,787.1199999999995,780.808028914531,14.757697138259141,26.313423434496777,7.481534942617827,38.63128786968855,95.30148786217698,-142.31592341951225,-51.200000000000045,2144794.264567092,0.5395265743635551,768.0,0.0
04-Sep-2012,783.6549999999995,780.5883872937072,21.59079418474868,24.739213684580744,6.790832952146161,50.51736881074664,64.74301172227223,-72.58984930006888,-28.199999999999932,1239562.2245738152,0.5172398392139347,763.95,0.0
05-Sep-2012,779.9899999999996,778.8723168766695,21.599315564905496,23.692580978022328,5.4982232099747534,45.51617553054517,78.38364167478088,-72.50224546943042,-23.350000000000023,221718.47816347703,0.49399285395265735,775.25,1.0
06-Sep-2012,777.3599999999994,776.931895626366,21.65366030984806,23.01294075529757,4.187509668068628,43.83289735468715,78.23765020026681,-76.55986509274446,-13.899999999999977,-841136.454660217,0.47882983474765517,766.3,0.0
07-Sep-2012,778.3249999999995,779.6260964215722,42.65117184875496,29.559017786450035,4.991506458142567,57.706521412878914,15.353805073431223,84.6303371539685,4.399999999999977,-1461601.6224246342,0.4590665475658776,778.7,1.0
08-Sep-2012,779.1899999999994,782.6031697994683,59.20005380417639,39.439363125692154,5.903566113873126,59.70243709932911,7.7021822849807355,125.77217692117867,5.7999999999999545,-1252046.151646476,0.4532380527020992,793.5,1.0
10-Sep-2012,779.3749999999993,784.3207752904741,64.10103663927383,47.65992096355271,6.2357662775730205,56.92808842291279,26.096997690531293,102.98251628385572,9.899999999999977,-1557262.6421509725,0.4565877623939258,800.0,1.0
11-Sep-2012,780.2599999999993,785.535179783115,66.56004444157901,53.95996212289481,6.3412135855267024,56.157318011677,28.521939953810634,65.27501656726555,7.600000000000023,-999341.2224599654,0.46246092005359535,789.5,0.0
12-Sep-2012,781.7299999999993,787.8196925498214,73.66512585558694,60.52835003379218,6.917945662305556,60.2053984546962,12.124711316397208,81.90421011973866,31.700000000000045,-1388722.7138290186,0.46179097811523,793.5,1.0
13-Sep-2012,785.0049999999994,789.8797484498539,76.01066869904625,65.6891229222102,7.374724882483065,60.800135549381345,19.298245614035118,91.07978562802099,36.10000000000002,-1702270.8609693716,0.46793211255024564,798.1,1.0
14-Sep-2012,792.8749999999993,799.3107032771532,82.43026615864558,71.26950400102199,11.0468456598187,76.57918116641436,4.730538922155743,217.30752231945775,62.14999999999998,-1143196.991489993,0.4760160786065207,813.0,1.0
17-Sep-2012,802.2899999999993,812.8451208631253,86.06178741642131,76.20026513948842,16.35067793455221,82.46898771226307,6.67517006802723,226.56628065318478,102.60000000000002,-923151.2719210642,0.49611433675748096,848.1,1.0
18-Sep-2012,810.7349999999993,820.618735251648,83.33824376514255,78.5795913480398,18.87190728942585,71.18704112666987,22.108843537414963,128.30309624419164,87.39999999999998,-829254.3953704506,0.5336980794997765,870.2,1.0
20-Sep-2012,817.1649999999993,822.7789652058938,73.01760706230971,76.72559658612977,18.789431091744063,59.64772434622353,47.62366634335598,50.79642579642626,40.75,-240739.18139435095,0.5761054041983027,840.7,0.0
21-Sep-2012,823.0199999999993,827.7827897139132,71.40875701172948,74.95331672799634,19.93063055214759,64.56552250568194,31.80894308943097,59.575003143467725,54.299999999999955,20075.762757113203,0.6093345243412238,833.0,0.0
24-Sep-2012,827.0549999999994,829.3404643113836,65.61058055524512,71.83907133707926,19.484783087538858,58.37095276864909,45.98577235772359,41.82205647309549,44.30000000000007,-252634.86528304592,0.6335864225100492,850.0,1.0
25-Sep-2012,831.8249999999995,831.2331071638595,62.89689110187072,68.85834459200974,19.18464849893735,59.42516828438209,42.53048780487808,22.94619782285277,48.75,-109562.83585693175,0.658820902188477,838.0,0.0
26-Sep-2012,837.1999999999995,833.6907240431577,61.934878025229764,66.55052240308308,19.129732034437097,61.037407058410494,39.98914812805212,27.320125130344763,46.64999999999998,347763.96414140763,0.6757927646270657,838.0,1.0
27-Sep-2012,840.3749999999994,832.9924105807654,54.86380184499855,62.654948883721566,17.68010019767837,53.940612075826074,59.27835051546387,-34.20091973640472,30.700000000000045,234078.76874503144,0.6974542206342117,845.2,1.0
28-Sep-2012,844.1799999999996,833.7574268388081,49.36791045970065,58.22593607571459,16.929190671231026,56.69999929167512,61.62387231089512,-33.00290616664792,-4.5499999999999545,2230189.625902731,0.7205448861098704,837.0,0.0
01-Oct-2012,843.3549999999996,833.7106219590248,38.288284392488606,51.58005218130593,15.852789400804454,54.86162053481784,83.87096774193549,-74.79569194133069,-40.25,4483774.624678253,0.7379187137114783,840.0,1.0
03-Oct-2012,840.5899999999996,835.963236148293,40.19487505991354,47.7849931408418,15.833924345018204,59.79412785397307,55.99194360523659,34.431297303061434,-9.5,4218809.587903289,0.7499776686020545,834.45,0.0
04-Oct-2012,840.3199999999995,839.0426477576943,54.357910934603254,49.975965738762284,16.181150402814183,62.26666499839217,17.316017316017327,181.58055453768313,20.399999999999977,3085432.3602656466,0.7438811969629299,850.55,1.0
05-Oct-2012,842.8499999999995,842.4530754381135,68.79264755321077,56.2481930102451,16.65967609771417,64.03738253603396,2.3378792095741976,-284.7075133823698,7.5,3941702.4112018896,0.7351049575703439,859.9,1.0
08-Oct-2012,839.7599999999995,838.2616071766383,71.2908400888183,61.26240870310283,13.781488523123699,45.46116485103823,23.712774839966617,-45.20005971931874,-16.950000000000045,3161187.112403781,0.7436802143814203,854.55,0.0
09-Oct-2012,837.6549999999994,834.0867695081586,72.19556330626664,64.90679357082409,11.042378817183817,43.94871823099965,25.994990258836655,-98.40598742299396,-24.450000000000045,2862325.140680691,0.7533050468959357,825.5,0.0
10-Oct-2012,835.2799999999994,830.7982659612206,72.92859429620854,67.58072714595224,8.826354063605663,44.30024986837792,25.605343723907602,-88.02210745673648,-28.75,2934658.940291019,0.7423626619026351,811.0,0.0
11-Oct-2012,832.7999999999995,828.8258539682714,74.15018820044111,69.77054749744852,7.304666748070417,46.40760897519815,23.406623991093774,-61.29390531722956,-9.899999999999977,1528329.0029759686,0.7303037070120589,819.0,1.0
12-Oct-2012,831.7049999999994,827.0211532467674,74.76976086913162,71.4369519546762,5.945456854829899,45.89474994898662,23.99109379348735,-35.79196817739559,-18.300000000000068,219217.98524293397,0.7218177757927646,818.8,0.0
15-Oct-2012,830.2899999999993,826.2991253837189,75.95282508633265,72.94224299856168,5.143848392815357,48.39903038558502,21.681046479265266,-10.793242815371032,-10.450000000000045,-557183.847211211,0.7100267976775345,819.0,1.0
16-Oct-2012,828.1849999999993,823.781102586679,74.77474729292015,73.55307776334783,3.611604324510836,42.779562996384534,27.58140829390479,-22.457335116948784,-33.64999999999998,-450785.28758802544,0.7019874944171505,838.9,1.0
17-Oct-2012,824.0899999999992,820.3936293891011,72.63487652351091,73.24701068340218,1.7876342335216577,39.28893744692017,31.64486501530756,-94.47560015741878,-47.75,-572437.5519874254,0.7014962036623492,816.05,0.0
18-Oct-2012,819.9299999999992,818.7402422274463,72.34940372000642,72.94780836227025,0.8288241555485456,43.59697114594653,28.221541887002534,-82.53487981173393,-46.5,519346.6689054491,0.6932782492184009,807.25,0.0
19-Oct-2012,814.4299999999992,815.8420163679107,51.59233343859099,65.82931672104382,-0.6098881922753208,39.312980361726325,89.92180712423986,-133.72823550529665,-16.600000000000023,-350842.70433972497,0.6739392585975881,807.7,1.0
22-Oct-2012,814.049999999999,815.7980133919269,50.906115211219536,60.85491621776906,-0.709051693596507,47.88195505617108,50.46632124352336,-72.24370639975902,0.3000000000000682,-1245744.2622513948,0.6506252791424741,795.2,0.0
23-Oct-2012,813.5149999999992,814.7347382297585,46.545354873110085,56.08506243621606,-1.2293757302330732,44.780817456867275,62.17616580310881,-41.99475065616832,-6.0499999999999545,-1393271.679581664,0.6241179097811521,813.5,1.0
25-Oct-2012,812.9549999999992,813.9466040061661,43.94906214338595,52.03972900527269,-1.5871295999371569,45.09550432853171,61.24352331606232,-13.33941397788248,-9.550000000000068,-742988.7001238028,0.6187583742742294,810.1,0.0
26-Oct-2012,810.8549999999993,811.2199487323178,34.308010340841065,46.12915611712881,-2.7627243642969006,38.83806435176619,84.97409326424871,-131.66348937372152,-19.949999999999932,-756654.4406637102,0.6183564091112103,803.2,0.0
29-Oct-2012,810.0849999999994,811.2163216900782,36.34350948456762,42.867273906275074,-2.675082469967151,47.49821772230452,59.58549222797927,-13.357424017552937,-11.849999999999909,-902357.9950444335,0.6112996873604286,802.35,0.0
30-Oct-2012,808.1049999999993,809.7678995646095,32.20828093444401,39.314276248998056,-3.210119875285045,43.0978543453332,76.06217616580321,-67.0539820866623,-9.200000000000045,-2228691.235490873,0.6077422360605456,810.0,1.0
31-Oct-2012,807.4099999999992,808.9919178255896,38.50922432666632,39.04592560822081,-3.413238997267513,44.708653071064674,48.888888888889056,-67.6513493800127,0.35000000000002274,-3398855.1190143107,0.6077417890068212,803.15,0.0
01-Nov-2012,807.6049999999992,808.6479327663916,46.117260662221966,41.40303729288786,-3.4058452814409748,45.91829808484722,38.66666666666674,-87.90675084992658,-4.199999999999932,-2591006.866286961,0.5955884312714506,795.0,0.0
02-Nov-2012,807.2699999999993,808.5210358997749,52.1337293303702,44.97993463871531,-3.2934331690375984,46.6077992833868,35.833333333333336,45.32051282050882,5.150000000000091,-2375632.280965369,0.5897558703476077,812.0,1.0
05-Nov-2012,807.6049999999993,808.0899384634522,54.144708442468946,48.034859239966515,-3.311418733157666,45.25036797870997,41.83333333333356,-11.768639251087286,-9.450000000000045,-1151464.0567474007,0.595956590657599,803.65,0.0
06-Nov-2012,806.5899999999992,807.6099496519154,54.70758340609041,50.259100628674474,-3.343613473556843,44.68798385683975,44.166666666666664,-53.570246840051524,-4.5,-525274.7566811827,0.5981361457691946,804.0,1.0
07-Nov-2012,805.6799999999993,806.3808678970217,49.97172227072691,50.16330784269195,-3.697684961797677,40.97010453069428,59.50000000000008,-73.05793170596074,-9.549999999999955,-803764.9437937642,0.6060658144053999,802.0,0.0
08-Nov-2012,804.2999999999993,804.6025282793815,43.36537209905966,47.89732926148118,-4.271983859394027,37.7463081870763,69.84732824427482,-173.04075235109798,-2.3500000000000227,-855744.6726434343,0.6048663968893664,793.0,0.0
09-Nov-2012,803.1699999999993,801.5202504104032,31.86454015076662,42.55306622457633,-5.387209640403853,31.87719800993311,91.13712374581947,-173.49658504081148,-23.550000000000068,-424564.4911384852,0.6008844391648103,793.35,1.0
12-Nov-2012,800.7149999999993,798.8165685176026,28.346090834030097,37.81740776106091,-6.279341405751325,31.273515027852966,78.69080779944295,-177.80540263225296,-16.600000000000023,-448474.94823462947,0.6001514783949667,785.85,0.0
13-Nov-2012,799.3499999999992,797.1408287871294,28.739548021201145,34.791454514440986,-6.671417966856097,35.290292183706356,70.47353760445674,-100.24723530787399,-15.899999999999977,-3370.6311838445254,0.594685987356167,789.15,1.0
15-Nov-2012,797.2599999999993,794.8606780985604,25.808751961293993,31.797220330058654,-7.301433285602229,31.791122903285995,80.05284015852031,-112.77340332458475,-22.5,1289641.5957001012,0.5872192312850096,788.85,0.0
16-Nov-2012,794.0649999999993,791.2769184442767,20.35693562795452,27.98379209602394,-8.465673940659826,26.312294328597034,90.54669703872442,-114.70857891290099,-32.80000000000007,1599762.951810394,0.5837068393740502,787.4,0.0
19-Nov-2012,790.6999999999991,788.1902059998628,22.639917869616685,26.20250068722152,-9.34915964801985,25.866772794541973,72.79411764705898,-143.38752881081427,-31.850000000000023,1659048.8976473925,0.5833454794772456,775.25,0.0
20-Nov-2012,786.6199999999992,784.037441272615,17.988682126613803,23.464561167018946,-10.648766266446842,21.58993387017837,91.31378935939196,-127.89489764741872,-40.10000000000002,2263139.5478602294,0.5687339344330815,780.7,1.0
21-Nov-2012,783.1949999999993,781.7033610412304,19.609347662086456,22.179489998708114,-11.078956463786085,29.99601764104385,77.14932126696824,-109.67236360922647,-29.649999999999977,2138453.480115681,0.5606999714492642,766.5,0.0
22-Nov-2012,779.6949999999991,778.8209317610067,16.80717517095072,20.388718389455647,-11.71652476663246,27.049331769936032,88.79716981132076,-98.72841146327553,-30.75,2436902.5573463086,0.545314327528657,773.05,1.0
23-Nov-2012,777.4099999999992,777.8989441680965,21.149752000759584,20.64239625989029,-11.452323026722183,37.17519765876031,70.16509433962268,-48.45339422877422,-13.899999999999977,1787619.7385185082,0.5341984168929044,766.0,0.0
26-Nov-2012,776.0099999999991,777.1264088648062,27.359211317991832,22.881334612590805,-11.1227937652136,37.10276414363222,60.22187004754367,-12.735608762102247,-13.0,1793359.2214578986,0.5238166703192905,774.9,1.0
27-Nov-2012,776.0249999999991,778.8852436166595,45.39214193518522,30.38493705345561,-9.688857256616643,51.040856308500324,18.54199683042799,76.18290960451651,-2.800000000000068,1732320.3596352777,0.5177705688903438,777.0,1.0
29-Nov-2012,776.894999999999,782.4151993227214,59.16585686121901,39.97857698937674,-7.537609499430005,59.71529756225346,13.2867132867134,174.90196078430998,13.699999999999932,1860100.3149012513,0.5141095370604603,786.0,1.0
30-Nov-2012,777.804999999999,784.4669812640448,62.613769535055766,47.523641171269745,-6.133211854276624,55.35624783100985,30.490405117270708,148.58364510956332,18.550000000000068,1099352.1961700926,0.5133569440930937,796.05,1.0
03-Dec-2012,780.689999999999,788.0184392160368,72.23291814064129,55.760066827726924,-4.141353748572556,62.217906696087944,8.528784648187637,121.39685182982221,29.700000000000045,1490880.6762949936,0.5169997470275739,795.0,0.0
04-Dec-2012,785.7299999999991,794.6878139040301,80.97261622172783,64.16424995906056,-0.882304218027457,71.8717750491622,1.5479876160990707,156.4033403431768,59.35000000000002,1063031.3109826632,0.5208449279028584,806.15,1.0
05-Dec-2012,792.454999999999,801.580938648752,85.34139327062557,71.22329772958221,2.3113363361483152,74.62153591726516,5.921052631578947,149.26521602018238,61.39999999999998,1153514.7156519275,0.5364786238300023,828.25,1.0
06-Dec-2012,799.724999999999,809.275313439888,89.45790930889541,77.30150158935328,5.688560845490088,78.03430152205391,2.309058614564884,137.46685114723755,78.04999999999995,874831.5415641619,0.5605363015431316,835.95,1.0
07-Dec-2012,806.5999999999989,813.8798019053629,86.95839911712102,80.52046743194252,7.527827226191448,69.48914380986373,18.040621266427735,105.84734555072657,60.85000000000002,997273.5931912614,0.5956741715153047,841.05,1.0
10-Dec-2012,812.0549999999988,816.5016561043878,82.2416434605457,81.09419277481024,8.380496592638451,64.19775732833244,27.19186785260493,61.598951507207794,54.64999999999998,833534.000406472,0.6300784214520616,834.6,0.0
11-Dec-2012,816.6949999999988,817.1468095399537,75.10517313926293,79.09785289629447,8.294918506297904,57.79438096191138,39.167767503302606,34.81814889544209,33.25,1342129.6215030123,0.6647862383000253,832.0,0.0
12-Dec-2012,821.274999999999,819.9564805326893,74.90233019127595,77.69934532795496,9.134480753677508,63.88335161536054,25.503355704697995,43.79769443091407,34.30000000000007,2093018.9606674127,0.6936756893498608,825.0,0.0
13-Dec-2012,824.869999999999,822.5553022540184,74.67772805078667,76.69213956889885,9.819784726689818,64.62880593618613,25.77147623019188,67.602563717991,40.549999999999955,1428487.9004669283,0.7179610422463951,832.6,1.0
14-Dec-2012,829.4249999999989,825.5907018441968,77.30808781367426,76.89745565049066,10.643657810604509,66.9272179092707,17.431192660550522,82.88376655223179,35.25,1516291.0864689462,0.7415380723501138,834.5,1.0
17-Dec-2012,832.4399999999989,827.1469378725246,73.01088386662948,75.60193172253693,10.761009570834062,62.336523392969276,35.58352402746007,59.68801313628921,9.449999999999932,2412819.823596962,0.760991651909942,834.5,1.0
18-Dec-2012,833.1099999999988,827.920221895702,64.67771045654082,71.96052463387156,10.510946027436944,59.875886199017664,51.98863636363649,-12.054120541207439,-1.2000000000000455,3007081.4924256373,0.7809764735643816,834.5,1.0
19-Dec-2012,833.7999999999987,830.0256360964835,66.79271606193628,70.23792177655979,10.84139827799197,64.46633198919234,28.97727272727282,79.24237594304388,-4.399999999999977,3678576.7092645373,0.795320010118897,835.2,1.0
20-Dec-2012,833.1949999999988,831.4482477153047,66.6402197988666,69.03868778399539,10.845126984598323,62.83915000434786,33.66477272727275,42.42227979274439,3.25,3073220.2086993735,0.7988363268403744,841.95,1.0
21-Dec-2012,832.2599999999987,830.3212935852494,55.52072444795442,64.53270000531506,9.719328945574489,51.7550593444728,66.71826625386991,-83.32048316628183,-3.0499999999999545,2453589.8651895635,0.8018719959524411,833.0,0.0
24-Dec-2012,831.4999999999989,828.5719674788404,43.41216511184583,57.49252170749199,8.363568900363248,48.334292490604604,80.80495356037135,-137.5508456433323,0.650000000000091,1345096.1234248858,0.7977991398937516,825.6,0.0
26-Dec-2012,832.319999999999,828.513427937233,42.456400672854485,52.48048136261282,7.808331609633456,53.946415118199496,59.45512820512819,-52.03136136850026,-4.350000000000023,1295939.8374401685,0.7932456362256515,822.0,0.0
27-Dec-2012,830.829999999999,826.5473501304633,31.038231363396182,45.33306469620727,6.442737364340928,46.16128831619337,91.7981072555204,-120.80173347779441,-16.549999999999955,927138.3141268175,0.78818618770554,830.3,1.0
28-Dec-2012,831.429999999999,829.0387410158337,47.138000719656375,45.93471003735697,7.098266226183341,59.90360625147619,20.662460567823246,50.359426506212905,1.0,805811.1656252053,0.790867695421199,823.5,0.0
31-Dec-2012,831.4599999999989,830.9498790129549,54.912365513392416,48.92726186270212,7.475124836296686,59.38082435526883,29.538904899135503,112.41579165255065,5.399999999999977,403670.9924635701,0.7862635972678976,840.3,1.0
